nivel_territorial,tipo_grupo,grupo,metodo_media,razao_referencia,n_territorios_grupo,massa_total_grupo,massa_obj4_grupo,massa_com_grupo,razao_dependencia_grupo_ponderada,razao_dependencia_grupo_media_simples,razao_dependencia_grupo_media_pond
municipio,brasil,Brasil,simples,1.6602872239179147,5571,4890143667286.59,1971247276966.4902,141522044479.74957,0.07179314646792298,1.6602872239179147,0.07179128874330885
municipio,brasil,Brasil,ponderada_refeita,0.07179314646792298,5571,4890143667286.59,1971247276966.4902,141522044479.74957,0.07179314646792298,1.6602872239179147,0.07179128874330885
municipio,brasil,Brasil,ponderada_massa_obj4,0.07179128874330885,5571,4890143667286.59,1971247276966.4902,141522044479.74957,0.07179314646792298,1.6602872239179147,0.07179128874330885
municipio,q_pib,1.0,simples,4.117790375400498,1393,18312834985.01716,6227076739.668601,2655226744.129058,0.42640019629344833,4.117790375400498,0.42592127093291454
municipio,q_pib,1.0,ponderada_refeita,0.42640019629344833,1393,18312834985.01716,6227076739.668601,2655226744.129058,0.42640019629344833,4.117790375400498,0.42592127093291454
municipio,q_pib,1.0,ponderada_massa_obj4,0.42592127093291454,1393,18312834985.01716,6227076739.668601,2655226744.129058,0.42640019629344833,4.117790375400498,0.42592127093291454
municipio,q_pib,2.0,simples,1.063220281643487,1392,61770875015.28149,23210554316.862823,7675082661.480896,0.33067209669804526,1.063220281643487,0.33064281133048784
municipio,q_pib,2.0,ponderada_refeita,0.33067209669804526,1392,61770875015.28149,23210554316.862823,7675082661.480896,0.33067209669804526,1.063220281643487,0.33064281133048784
municipio,q_pib,2.0,ponderada_massa_obj4,0.33064281133048784,1392,61770875015.28149,23210554316.862823,7675082661.480896,0.33067209669804526,1.063220281643487,0.33064281133048784
municipio,q_pib,3.0,simples,0.9135206681581111,1393,189386238931.8969,69284356384.91907,18030797370.39502,0.2602434129606742,0.9135206681581111,0.2602434129606742
municipio,q_pib,3.0,ponderada_refeita,0.2602434129606742,1393,189386238931.8969,69284356384.91907,18030797370.39502,0.2602434129606742,0.9135206681581111,0.2602434129606742
municipio,q_pib,3.0,ponderada_massa_obj4,0.2602434129606742,1393,189386238931.8969,69284356384.91907,18030797370.39502,0.2602434129606742,0.9135206681581111,0.2602434129606742
municipio,q_pib,4.0,simples,0.6044759570692091,1392,4620625528175.425,1872522568610.7837,113135868847.07791,0.06041896142859999,0.6044759570692091,0.06041896142859999
municipio,q_pib,4.0,ponderada_refeita,0.06041896142859999,1392,4620625528175.425,1872522568610.7837,113135868847.07791,0.06041896142859999,0.6044759570692091,0.06041896142859999
municipio,q_pib,4.0,ponderada_massa_obj4,0.06041896142859999,1392,4620625528175.425,1872522568610.7837,113135868847.07791,0.06041896142859999,0.6044759570692091,0.06041896142859999
municipio,q_pib,,simples,9.21339458418128,1,48190178.96970081,2720914.255615234,25068856.66670704,9.213394584181282,9.21339458418128,9.21339458418128
municipio,q_pib,,ponderada_refeita,9.213394584181282,1,48190178.96970081,2720914.255615234,25068856.66670704,9.213394584181282,9.21339458418128,9.21339458418128
municipio,q_pib,,ponderada_massa_obj4,9.21339458418128,1,48190178.96970081,2720914.255615234,25068856.66670704,9.213394584181282,9.21339458418128,9.21339458418128
municipio,q_pib_pc,1.0,simples,2.0611094022444476,1393,54192904120.94916,16755683164.053543,3220735510.8872166,0.19221749894368703,2.0611094022444476,0.1920951205620746
municipio,q_pib_pc,1.0,ponderada_refeita,0.19221749894368703,1393,54192904120.94916,16755683164.053543,3220735510.8872166,0.19221749894368703,2.0611094022444476,0.1920951205620746
municipio,q_pib_pc,1.0,ponderada_massa_obj4,0.1920951205620746,1393,54192904120.94916,16755683164.053543,3220735510.8872166,0.19221749894368703,2.0611094022444476,0.1920951205620746
municipio,q_pib_pc,2.0,simples,1.4064413467044987,1392,380169700158.45435,144240937680.12134,11972104865.462004,0.08300074207789865,1.4064413467044987,0.08298956979058207
municipio,q_pib_pc,2.0,ponderada_refeita,0.08300074207789865,1392,380169700158.45435,144240937680.12134,11972104865.462004,0.08300074207789865,1.4064413467044987,0.08298956979058207
municipio,q_pib_pc,2.0,ponderada_massa_obj4,0.08298956979058207,1392,380169700158.45435,144240937680.12134,11972104865.462004,0.08300074207789865,1.4064413467044987,0.08298956979058207
municipio,q_pib_pc,3.0,simples,2.0264720384475745,1393,1186757137358.4336,469615772248.0748,31139082713.834816,0.06630757430648129,2.0264720384475745,0.06630757430648129
municipio,q_pib_pc,3.0,ponderada_refeita,0.06630757430648129,1393,1186757137358.4336,469615772248.0748,31139082713.834816,0.06630757430648129,2.0264720384475745,0.06630757430648129
municipio,q_pib_pc,3.0,ponderada_massa_obj4,0.06630757430648129,1393,1186757137358.4336,469615772248.0748,31139082713.834816,0.06630757430648129,2.0264720384475745,0.06630757430648129
municipio,q_pib_pc,4.0,simples,1.1505265286088087,1392,3268975735469.783,1340632162959.9846,95165052532.89883,0.07098520769692987,1.1505265286088087,0.07098520769692988
municipio,q_pib_pc,4.0,ponderada_refeita,0.07098520769692987,1392,3268975735469.783,1340632162959.9846,95165052532.89883,0.07098520769692987,1.1505265286088087,0.07098520769692988
municipio,q_pib_pc,4.0,ponderada_massa_obj4,0.07098520769692988,1392,3268975735469.783,1340632162959.9846,95165052532.89883,0.07098520769692987,1.1505265286088087,0.07098520769692988
municipio,q_pib_pc,,simples,9.21339458418128,1,48190178.96970081,2720914.255615234,25068856.66670704,9.213394584181282,9.21339458418128,9.21339458418128
municipio,q_pib_pc,,ponderada_refeita,9.213394584181282,1,48190178.96970081,2720914.255615234,25068856.66670704,9.213394584181282,9.21339458418128,9.21339458418128
municipio,q_pib_pc,,ponderada_massa_obj4,9.21339458418128,1,48190178.96970081,2720914.255615234,25068856.66670704,9.213394584181282,9.21339458418128,9.21339458418128
municipio,q_pop,1.0,simples,2.817102283791723,1393,44283119069.38748,17131742527.266783,7039154242.710804,0.410883728348551,2.817102283791723,0.4107834375446059
municipio,q_pop,1.0,ponderada_refeita,0.410883728348551,1393,44283119069.38748,17131742527.266783,7039154242.710804,0.410883728348551,2.817102283791723,0.4107834375446059
municipio,q_pop,1.0,ponderada_massa_obj4,0.4107834375446059,1393,44283119069.38748,17131742527.266783,7039154242.710804,0.410883728348551,2.817102283791723,0.4107834375446059
municipio,q_pop,2.0,simples,2.6156129454677544,1392,102619969102.18271,37116794994.94525,13988805842.347425,0.37688614666898074,2.6156129454677544,0.37685208799711123
municipio,q_pop,2.0,ponderada_refeita,0.37688614666898074,1392,102619969102.18271,37116794994.94525,13988805842.347425,0.37688614666898074,2.6156129454677544,0.37685208799711123
municipio,q_pop,2.0,ponderada_massa_obj4,0.37685208799711123,1392,102619969102.18271,37116794994.94525,13988805842.347425,0.37688614666898074,2.6156129454677544,0.37685208799711123
municipio,q_pop,3.0,simples,0.9115598017732968,1393,231919017083.21048,88812388784.9919,24746317819.256767,0.2786358767937854,0.9115598017732968,0.27862822324878245
municipio,q_pop,3.0,ponderada_refeita,0.2786358767937854,1393,231919017083.21048,88812388784.9919,24746317819.256767,0.2786358767937854,0.9115598017732968,0.27862822324878245
municipio,q_pop,3.0,ponderada_massa_obj4,0.27862822324878245,1393,231919017083.21048,88812388784.9919,24746317819.256767,0.2786358767937854,0.9115598017732968,0.27862822324878245
municipio,q_pop,4.0,simples,0.3187047663281845,1392,4511273371852.84,1828183629745.0305,95722697718.76788,0.052359454576298745,0.3187047663281845,0.052359454576298745
municipio,q_pop,4.0,ponderada_refeita,0.052359454576298745,1392,4511273371852.84,1828183629745.0305,95722697718.76788,0.052359454576298745,0.3187047663281845,0.052359454576298745
municipio,q_pop,4.0,ponderada_massa_obj4,0.052359454576298745,1392,4511273371852.84,1828183629745.0305,95722697718.76788,0.052359454576298745,0.3187047663281845,0.052359454576298745
municipio,q_pop,,simples,9.21339458418128,1,48190178.96970081,2720914.255615234,25068856.66670704,9.213394584181282,9.21339458418128,9.21339458418128
municipio,q_pop,,ponderada_refeita,9.213394584181282,1,48190178.96970081,2720914.255615234,25068856.66670704,9.213394584181282,9.21339458418128,9.21339458418128
municipio,q_pop,,ponderada_massa_obj4,9.21339458418128,1,48190178.96970081,2720914.255615234,25068856.66670704,9.213394584181282,9.21339458418128,9.21339458418128
municipio,q_pib_pop,QPIB1_QPOP1,simples,3.5636694675883662,877,12259543507.232994,4557641471.24789,2026251435.964126,0.4445833330126634,3.5636694675883662,0.4442063493815726
municipio,q_pib_pop,QPIB1_QPOP1,ponderada_refeita,0.4445833330126634,877,12259543507.232994,4557641471.24789,2026251435.964126,0.4445833330126634,3.5636694675883662,0.4442063493815726
municipio,q_pib_pop,QPIB1_QPOP1,ponderada_massa_obj4,0.4442063493815726,877,12259543507.232994,4557641471.24789,2026251435.964126,0.4445833330126634,3.5636694675883662,0.4442063493815726
municipio,q_pib_pop,QPIB1_QPOP2,simples,5.490425782923583,469,5617008419.31483,1590204468.7219994,605190211.1363714,0.3805738337678959,5.490425782923583,0.3797788738954759
municipio,q_pib_pop,QPIB1_QPOP2,ponderada_refeita,0.3805738337678959,469,5617008419.31483,1590204468.7219994,605190211.1363714,0.3805738337678959,5.490425782923583,0.3797788738954759
municipio,q_pib_pop,QPIB1_QPOP2,ponderada_massa_obj4,0.3797788738954759,469,5617008419.31483,1590204468.7219994,605190211.1363714,0.3805738337678959,5.490425782923583,0.3797788738954759
municipio,q_pib_pop,QPIB1_QPOP3,simples,0.8862164166929356,47,436283058.4693347,79230799.6987114,23785097.02856064,0.3002001383175169,0.8862164166929356,0.3002001383175169
municipio,q_pib_pop,QPIB1_QPOP3,ponderada_refeita,0.3002001383175169,47,436283058.4693347,79230799.6987114,23785097.02856064,0.3002001383175169,0.8862164166929356,0.3002001383175169
municipio,q_pib_pop,QPIB1_QPOP3,ponderada_massa_obj4,0.3002001383175169,47,436283058.4693347,79230799.6987114,23785097.02856064,0.3002001383175169,0.8862164166929356,0.3002001383175169
municipio,q_pib_pop,QPIB2_QPOP1,simples,1.4774607403302906,380,17423877653.099014,6922717907.945396,2873696354.353621,0.41511100012545643,1.4774607403302906,0.41511100012545643
municipio,q_pib_pop,QPIB2_QPOP1,ponderada_refeita,0.41511100012545643,380,17423877653.099014,6922717907.945396,2873696354.353621,0.41511100012545643,1.4774607403302906,0.41511100012545643
municipio,q_pib_pop,QPIB2_QPOP1,ponderada_massa_obj4,0.41511100012545643,380,17423877653.099014,6922717907.945396,2873696354.353621,0.41511100012545643,1.4774607403302906,0.41511100012545643
municipio,q_pib_pop,QPIB2_QPOP2,simples,0.9633690802419911,483,27073288146.956272,10492330182.750359,3170351131.333052,0.30215891762014746,0.9633690802419911,0.30215891762014746
municipio,q_pib_pop,QPIB2_QPOP2,ponderada_refeita,0.30215891762014746,483,27073288146.956272,10492330182.750359,3170351131.333052,0.30215891762014746,0.9633690802419911,0.30215891762014746
municipio,q_pib_pop,QPIB2_QPOP2,ponderada_massa_obj4,0.30215891762014746,483,27073288146.956272,10492330182.750359,3170351131.333052,0.30215891762014746,0.9633690802419911,0.30215891762014746
municipio,q_pib_pop,QPIB2_QPOP3,simples,0.8502048744525449,507,16663726672.932907,5612432769.721388,1575373240.929769,0.28069347207663276,0.8502048744525449,0.28057236067231495
municipio,q_pib_pop,QPIB2_QPOP3,ponderada_refeita,0.28069347207663276,507,16663726672.932907,5612432769.721388,1575373240.929769,0.28069347207663276,0.8502048744525449,0.28057236067231495
municipio,q_pib_pop,QPIB2_QPOP3,ponderada_massa_obj4,0.28057236067231495,507,16663726672.932907,5612432769.721388,1575373240.929769,0.28069347207663276,0.8502048744525449,0.28057236067231495
municipio,q_pib_pop,QPIB2_QPOP4,simples,0.9564311536611533,22,609982542.2932943,183073456.44568428,55661934.86445348,0.3040415358136187,0.9564311536611533,0.3040415358136187
municipio,q_pib_pop,QPIB2_QPOP4,ponderada_refeita,0.3040415358136187,22,609982542.2932943,183073456.44568428,55661934.86445348,0.3040415358136187,0.9564311536611533,0.3040415358136187
municipio,q_pib_pop,QPIB2_QPOP4,ponderada_massa_obj4,0.3040415358136187,22,609982542.2932943,183073456.44568428,55661934.86445348,0.3040415358136187,0.9564311536611533,0.3040415358136187
municipio,q_pib_pop,QPIB3_QPOP1,simples,1.527412300587448,125,11342604822.391672,4254985618.451417,1509873732.616393,0.3548481400428105,1.527412300587448,0.3548481400428105
municipio,q_pib_pop,QPIB3_QPOP1,ponderada_refeita,0.3548481400428105,125,11342604822.391672,4254985618.451417,1509873732.616393,0.3548481400428105,1.527412300587448,0.3548481400428105
municipio,q_pib_pop,QPIB3_QPOP1,ponderada_massa_obj4,0.3548481400428105,125,11342604822.391672,4254985618.451417,1509873732.616393,0.3548481400428105,1.527412300587448,0.3548481400428105
municipio,q_pib_pop,QPIB3_QPOP2,simples,1.112802609637251,366,50627881307.95218,19757155087.10749,5230358173.417784,0.2647323539425394,1.112802609637251,0.2647323539425394
municipio,q_pib_pop,QPIB3_QPOP2,ponderada_refeita,0.2647323539425394,366,50627881307.95218,19757155087.10749,5230358173.417784,0.2647323539425394,1.112802609637251,0.2647323539425394
municipio,q_pib_pop,QPIB3_QPOP2,ponderada_massa_obj4,0.2647323539425394,366,50627881307.95218,19757155087.10749,5230358173.417784,0.2647323539425394,1.112802609637251,0.2647323539425394
municipio,q_pib_pop,QPIB3_QPOP3,simples,0.9208312164805534,563,88925311359.48349,32737075075.552624,9077267531.567928,0.2772779031302844,0.9208312164805534,0.2772779031302844
municipio,q_pib_pop,QPIB3_QPOP3,ponderada_refeita,0.2772779031302844,563,88925311359.48349,32737075075.552624,9077267531.567928,0.2772779031302844,0.9208312164805534,0.2772779031302844
municipio,q_pib_pop,QPIB3_QPOP3,ponderada_massa_obj4,0.2772779031302844,563,88925311359.48349,32737075075.552624,9077267531.567928,0.2772779031302844,0.9208312164805534,0.2772779031302844
municipio,q_pib_pop,QPIB3_QPOP4,simples,0.4598643751180896,339,38490441442.069595,12535140603.807533,2213297932.7929153,0.176567459651839,0.4598643751180896,0.176567459651839
municipio,q_pib_pop,QPIB3_QPOP4,ponderada_refeita,0.176567459651839,339,38490441442.069595,12535140603.807533,2213297932.7929153,0.176567459651839,0.4598643751180896,0.176567459651839
municipio,q_pib_pop,QPIB3_QPOP4,ponderada_massa_obj4,0.176567459651839,339,38490441442.069595,12535140603.807533,2213297932.7929153,0.176567459651839,0.4598643751180896,0.176567459651839
municipio,q_pib_pop,QPIB4_QPOP1,simples,5.858304705368351,11,3257093086.6638002,1396397529.622078,629332719.776664,0.45068306583655093,5.858304705368351,0.45068306583655093
municipio,q_pib_pop,QPIB4_QPOP1,ponderada_refeita,0.45068306583655093,11,3257093086.6638002,1396397529.622078,629332719.776664,0.45068306583655093,5.858304705368351,0.45068306583655093
municipio,q_pib_pop,QPIB4_QPOP1,ponderada_massa_obj4,0.45068306583655093,11,3257093086.6638002,1396397529.622078,629332719.776664,0.45068306583655093,5.858304705368351,0.45068306583655093
municipio,q_pib_pop,QPIB4_QPOP2,simples,3.1341303091215305,74,19301791227.959423,5277105256.3654,4982906326.460217,0.9442499409026736,3.1341303091215305,0.9442499409026736
municipio,q_pib_pop,QPIB4_QPOP2,ponderada_refeita,0.9442499409026736,74,19301791227.959423,5277105256.3654,4982906326.460217,0.9442499409026736,3.1341303091215305,0.9442499409026736
municipio,q_pib_pop,QPIB4_QPOP2,ponderada_massa_obj4,0.9442499409026736,74,19301791227.959423,5277105256.3654,4982906326.460217,0.9442499409026736,3.1341303091215305,0.9442499409026736
municipio,q_pib_pop,QPIB4_QPOP3,simples,1.0085580124023146,276,125893695992.32475,50383650140.01918,14069891949.73051,0.279255113724977,1.0085580124023146,0.27925511372497697
municipio,q_pib_pop,QPIB4_QPOP3,ponderada_refeita,0.279255113724977,276,125893695992.32475,50383650140.01918,14069891949.73051,0.279255113724977,1.0085580124023146,0.27925511372497697
municipio,q_pib_pop,QPIB4_QPOP3,ponderada_massa_obj4,0.27925511372497697,276,125893695992.32475,50383650140.01918,14069891949.73051,0.279255113724977,1.0085580124023146,0.27925511372497697
municipio,q_pib_pop,QPIB4_QPOP4,simples,0.25868237263167326,1031,4472172947868.477,1815465415684.7773,93453737851.1105,0.0514764627536904,0.25868237263167326,0.051476462753690416
municipio,q_pib_pop,QPIB4_QPOP4,ponderada_refeita,0.0514764627536904,1031,4472172947868.477,1815465415684.7773,93453737851.1105,0.0514764627536904,0.25868237263167326,0.051476462753690416
municipio,q_pib_pop,QPIB4_QPOP4,ponderada_massa_obj4,0.051476462753690416,1031,4472172947868.477,1815465415684.7773,93453737851.1105,0.0514764627536904,0.25868237263167326,0.051476462753690416
municipio,q_pib_pop,,simples,9.21339458418128,1,48190178.96970081,2720914.255615234,25068856.66670704,9.213394584181282,9.21339458418128,9.21339458418128
municipio,q_pib_pop,,ponderada_refeita,9.213394584181282,1,48190178.96970081,2720914.255615234,25068856.66670704,9.213394584181282,9.21339458418128,9.21339458418128
municipio,q_pib_pop,,ponderada_massa_obj4,9.21339458418128,1,48190178.96970081,2720914.255615234,25068856.66670704,9.213394584181282,9.21339458418128,9.21339458418128
municipio,q_pibpc_pop,QPIBPC1_QPOP1,simples,3.3415042385579135,223,1032997118.9162837,207223149.44033432,188702365.28906035,0.9106239616505459,3.3415042385579135,0.91010927478878
municipio,q_pibpc_pop,QPIBPC1_QPOP1,ponderada_refeita,0.9106239616505459,223,1032997118.9162837,207223149.44033432,188702365.28906035,0.9106239616505459,3.3415042385579135,0.91010927478878
municipio,q_pibpc_pop,QPIBPC1_QPOP1,ponderada_massa_obj4,0.91010927478878,223,1032997118.9162837,207223149.44033432,188702365.28906035,0.9106239616505459,3.3415042385579135,0.91010927478878
municipio,q_pibpc_pop,QPIBPC1_QPOP2,simples,4.0965045638327835,415,4964865689.324656,1277932939.6599207,440871296.365142,0.34498781796990474,4.0965045638327835,0.34399860429339246
municipio,q_pibpc_pop,QPIBPC1_QPOP2,ponderada_refeita,0.34498781796990474,415,4964865689.324656,1277932939.6599207,440871296.365142,0.34498781796990474,4.0965045638327835,0.34399860429339246
municipio,q_pibpc_pop,QPIBPC1_QPOP2,ponderada_massa_obj4,0.34399860429339246,415,4964865689.324656,1277932939.6599207,440871296.365142,0.34498781796990474,4.0965045638327835,0.34399860429339246
municipio,q_pibpc_pop,QPIBPC1_QPOP3,simples,0.7330575242914641,478,12698274389.381622,3882065062.111614,969834290.5297945,0.24982432674692523,0.7330575242914641,0.24964923189315424
municipio,q_pibpc_pop,QPIBPC1_QPOP3,ponderada_refeita,0.24982432674692523,478,12698274389.381622,3882065062.111614,969834290.5297945,0.24982432674692523,0.7330575242914641,0.24964923189315424
municipio,q_pibpc_pop,QPIBPC1_QPOP3,ponderada_massa_obj4,0.24964923189315424,478,12698274389.381622,3882065062.111614,969834290.5297945,0.24982432674692523,0.7330575242914641,0.24964923189315424
municipio,q_pibpc_pop,QPIBPC1_QPOP4,simples,0.4508423630164204,277,35496766923.3266,11388462012.841675,1621327558.7032197,0.14236580469557736,0.4508423630164204,0.14236580469557739
municipio,q_pibpc_pop,QPIBPC1_QPOP4,ponderada_refeita,0.14236580469557736,277,35496766923.3266,11388462012.841675,1621327558.7032197,0.14236580469557736,0.4508423630164204,0.14236580469557739
municipio,q_pibpc_pop,QPIBPC1_QPOP4,ponderada_massa_obj4,0.14236580469557739,277,35496766923.3266,11388462012.841675,1621327558.7032197,0.14236580469557736,0.4508423630164204,0.14236580469557739
municipio,q_pibpc_pop,QPIBPC2_QPOP1,simples,1.2208422589629933,347,5218487821.175064,2092791325.984471,803367205.6690013,0.38387353564316257,1.2208422589629933,0.3831035108544693
municipio,q_pibpc_pop,QPIBPC2_QPOP1,ponderada_refeita,0.38387353564316257,347,5218487821.175064,2092791325.984471,803367205.6690013,0.38387353564316257,1.2208422589629933,0.3831035108544693
municipio,q_pibpc_pop,QPIBPC2_QPOP1,ponderada_massa_obj4,0.3831035108544693,347,5218487821.175064,2092791325.984471,803367205.6690013,0.38387353564316257,1.2208422589629933,0.3831035108544693
municipio,q_pibpc_pop,QPIBPC2_QPOP2,simples,3.0782233006388493,348,14297537939.845722,5605180581.1868,1575010769.4651036,0.2809919763783279,3.0782233006388493,0.2809919763783279
municipio,q_pibpc_pop,QPIBPC2_QPOP2,ponderada_refeita,0.2809919763783279,348,14297537939.845722,5605180581.1868,1575010769.4651036,0.2809919763783279,3.0782233006388493,0.2809919763783279
municipio,q_pibpc_pop,QPIBPC2_QPOP2,ponderada_massa_obj4,0.2809919763783279,348,14297537939.845722,5605180581.1868,1575010769.4651036,0.2809919763783279,3.0782233006388493,0.2809919763783279
municipio,q_pibpc_pop,QPIBPC2_QPOP3,simples,1.0076130579243041,357,36594478581.1754,13282958215.052305,3168233428.423769,0.23851866256972135,1.0076130579243041,0.23851866256972132
municipio,q_pibpc_pop,QPIBPC2_QPOP3,ponderada_refeita,0.23851866256972135,357,36594478581.1754,13282958215.052305,3168233428.423769,0.23851866256972135,1.0076130579243041,0.23851866256972132
municipio,q_pibpc_pop,QPIBPC2_QPOP3,ponderada_massa_obj4,0.23851866256972132,357,36594478581.1754,13282958215.052305,3168233428.423769,0.23851866256972135,1.0076130579243041,0.23851866256972132
municipio,q_pibpc_pop,QPIBPC2_QPOP4,simples,0.30936361917144517,340,324059195816.2582,123260007557.89777,6425493461.904129,0.05212958841403561,0.30936361917144517,0.052129588414035595
municipio,q_pibpc_pop,QPIBPC2_QPOP4,ponderada_refeita,0.05212958841403561,340,324059195816.2582,123260007557.89777,6425493461.904129,0.05212958841403561,0.30936361917144517,0.052129588414035595
municipio,q_pibpc_pop,QPIBPC2_QPOP4,ponderada_massa_obj4,0.052129588414035595,340,324059195816.2582,123260007557.89777,6425493461.904129,0.05212958841403561,0.30936361917144517,0.052129588414035595
municipio,q_pibpc_pop,QPIBPC3_QPOP1,simples,5.5670520120885065,377,10667179827.471432,4030526139.680436,1972247616.6923976,0.48932758363124496,5.5670520120885065,0.48932758363124496
municipio,q_pibpc_pop,QPIBPC3_QPOP1,ponderada_refeita,0.48932758363124496,377,10667179827.471432,4030526139.680436,1972247616.6923976,0.48932758363124496,5.5670520120885065,0.48932758363124496
municipio,q_pibpc_pop,QPIBPC3_QPOP1,ponderada_massa_obj4,0.48932758363124496,377,10667179827.471432,4030526139.680436,1972247616.6923976,0.48932758363124496,5.5670520120885065,0.48932758363124496
municipio,q_pibpc_pop,QPIBPC3_QPOP2,simples,1.0685092253724828,323,30588272422.798126,11543602966.613792,3270110694.312805,0.283283365147828,1.0685092253724828,0.28328336514782804
municipio,q_pibpc_pop,QPIBPC3_QPOP2,ponderada_refeita,0.283283365147828,323,30588272422.798126,11543602966.613792,3270110694.312805,0.283283365147828,1.0685092253724828,0.28328336514782804
municipio,q_pibpc_pop,QPIBPC3_QPOP2,ponderada_massa_obj4,0.28328336514782804,323,30588272422.798126,11543602966.613792,3270110694.312805,0.283283365147828,1.0685092253724828,0.28328336514782804
municipio,q_pibpc_pop,QPIBPC3_QPOP3,simples,0.9014045767005208,302,70148236588.19328,26872656211.099888,7116664682.684647,0.26482922368295964,0.9014045767005208,0.2648292236829596
municipio,q_pibpc_pop,QPIBPC3_QPOP3,ponderada_refeita,0.26482922368295964,302,70148236588.19328,26872656211.099888,7116664682.684647,0.26482922368295964,0.9014045767005208,0.2648292236829596
municipio,q_pibpc_pop,QPIBPC3_QPOP3,ponderada_massa_obj4,0.2648292236829596,302,70148236588.19328,26872656211.099888,7116664682.684647,0.26482922368295964,0.9014045767005208,0.2648292236829596
municipio,q_pibpc_pop,QPIBPC3_QPOP4,simples,0.27300327120520396,391,1075353448519.9708,427168986930.6808,18780059720.144966,0.04396400556857962,0.27300327120520396,0.04396400556857962
municipio,q_pibpc_pop,QPIBPC3_QPOP4,ponderada_refeita,0.04396400556857962,391,1075353448519.9708,427168986930.6808,18780059720.144966,0.04396400556857962,0.27300327120520396,0.04396400556857962
municipio,q_pibpc_pop,QPIBPC3_QPOP4,ponderada_massa_obj4,0.04396400556857962,391,1075353448519.9708,427168986930.6808,18780059720.144966,0.04396400556857962,0.27300327120520396,0.04396400556857962
municipio,q_pibpc_pop,QPIBPC4_QPOP1,simples,1.4862798759675646,446,27364454301.8247,10801201912.161541,4074837055.0603447,0.37725774299916653,1.4862798759675646,0.37725774299916653
municipio,q_pibpc_pop,QPIBPC4_QPOP1,ponderada_refeita,0.37725774299916653,446,27364454301.8247,10801201912.161541,4074837055.0603447,0.37725774299916653,1.4862798759675646,0.37725774299916653
municipio,q_pibpc_pop,QPIBPC4_QPOP1,ponderada_massa_obj4,0.37725774299916653,446,27364454301.8247,10801201912.161541,4074837055.0603447,0.37725774299916653,1.4862798759675646,0.37725774299916653
municipio,q_pibpc_pop,QPIBPC4_QPOP2,simples,1.7800995079475954,306,52769293050.21419,18690078507.48474,8702813082.204374,0.46563812338825616,1.7800995079475954,0.46563812338825616
municipio,q_pibpc_pop,QPIBPC4_QPOP2,ponderada_refeita,0.46563812338825616,306,52769293050.21419,18690078507.48474,8702813082.204374,0.46563812338825616,1.7800995079475954,0.46563812338825616
municipio,q_pibpc_pop,QPIBPC4_QPOP2,ponderada_massa_obj4,0.46563812338825616,306,52769293050.21419,18690078507.48474,8702813082.204374,0.46563812338825616,1.7800995079475954,0.46563812338825616
municipio,q_pibpc_pop,QPIBPC4_QPOP3,simples,1.121546340219552,256,112478027524.46017,44774709296.728096,13491585417.618557,0.30132156365791196,1.121546340219552,0.30132156365791196
municipio,q_pibpc_pop,QPIBPC4_QPOP3,ponderada_refeita,0.30132156365791196,256,112478027524.46017,44774709296.728096,13491585417.618557,0.30132156365791196,1.121546340219552,0.30132156365791196
municipio,q_pibpc_pop,QPIBPC4_QPOP3,ponderada_massa_obj4,0.30132156365791196,256,112478027524.46017,44774709296.728096,13491585417.618557,0.30132156365791196,1.121546340219552,0.30132156365791196
municipio,q_pibpc_pop,QPIBPC4_QPOP4,simples,0.2781921630566622,384,3076363960593.284,1266366173243.61,68895816978.01556,0.05440434088787218,0.2781921630566622,0.054404340887872195
municipio,q_pibpc_pop,QPIBPC4_QPOP4,ponderada_refeita,0.05440434088787218,384,3076363960593.284,1266366173243.61,68895816978.01556,0.05440434088787218,0.2781921630566622,0.054404340887872195
municipio,q_pibpc_pop,QPIBPC4_QPOP4,ponderada_massa_obj4,0.054404340887872195,384,3076363960593.284,1266366173243.61,68895816978.01556,0.05440434088787218,0.2781921630566622,0.054404340887872195
municipio,q_pibpc_pop,,simples,9.21339458418128,1,48190178.96970081,2720914.255615234,25068856.66670704,9.213394584181282,9.21339458418128,9.21339458418128
municipio,q_pibpc_pop,,ponderada_refeita,9.213394584181282,1,48190178.96970081,2720914.255615234,25068856.66670704,9.213394584181282,9.21339458418128,9.21339458418128
municipio,q_pibpc_pop,,ponderada_massa_obj4,9.21339458418128,1,48190178.96970081,2720914.255615234,25068856.66670704,9.213394584181282,9.21339458418128,9.21339458418128
municipio,jenks_pib_pop,JPIB1_JPOP1,simples,1.6507099997146377,5435,4717719939065.788,1902778877475.722,136336545014.98636,0.07165128151719559,1.6507099997146377,0.07164935694538625
municipio,jenks_pib_pop,JPIB1_JPOP1,ponderada_refeita,0.07165128151719559,5435,4717719939065.788,1902778877475.722,136336545014.98636,0.07165128151719559,1.6507099997146377,0.07164935694538625
municipio,jenks_pib_pop,JPIB1_JPOP1,ponderada_massa_obj4,0.07164935694538625,5435,4717719939065.788,1902778877475.722,136336545014.98636,0.07165128151719559,1.6507099997146377,0.07164935694538625
municipio,jenks_pib_pop,JPIB1_JPOP2,simples,1.6720393577565345,91,32021738730.82997,11750281648.888922,3757845573.7623644,0.31980897871649716,1.6720393577565345,0.3198089787164971
municipio,jenks_pib_pop,JPIB1_JPOP2,ponderada_refeita,0.31980897871649716,91,32021738730.82997,11750281648.888922,3757845573.7623644,0.31980897871649716,1.6720393577565345,0.3198089787164971
municipio,jenks_pib_pop,JPIB1_JPOP2,ponderada_massa_obj4,0.3198089787164971,91,32021738730.82997,11750281648.888922,3757845573.7623644,0.31980897871649716,1.6720393577565345,0.3198089787164971
municipio,jenks_pib_pop,JPIB2_JPOP2,simples,3.0677592171572283,31,6978745920.791179,2408554392.8415165,805805864.9429432,0.3345599615013409,3.0677592171572283,0.33455996150134093
municipio,jenks_pib_pop,JPIB2_JPOP2,ponderada_refeita,0.3345599615013409,31,6978745920.791179,2408554392.8415165,805805864.9429432,0.3345599615013409,3.0677592171572283,0.33455996150134093
municipio,jenks_pib_pop,JPIB2_JPOP2,ponderada_massa_obj4,0.33455996150134093,31,6978745920.791179,2408554392.8415165,805805864.9429432,0.3345599615013409,3.0677592171572283,0.33455996150134093
municipio,jenks_pib_pop,JPIB2_JPOP3,simples,1.576642910297139,10,2969857737.642643,749644760.0236015,359308216.47498274,0.4793046461949129,1.576642910297139,0.47930464619491275
municipio,jenks_pib_pop,JPIB2_JPOP3,ponderada_refeita,0.4793046461949129,10,2969857737.642643,749644760.0236015,359308216.47498274,0.4793046461949129,1.576642910297139,0.47930464619491275
municipio,jenks_pib_pop,JPIB2_JPOP3,ponderada_massa_obj4,0.47930464619491275,10,2969857737.642643,749644760.0236015,359308216.47498274,0.4793046461949129,1.576642910297139,0.47930464619491275
municipio,jenks_pib_pop,JPIB3_JPOP3,simples,4.75705124225593,1,88626185.07572745,9751974.611385344,46390642.93953895,4.757051242255931,4.75705124225593,4.75705124225593
municipio,jenks_pib_pop,JPIB3_JPOP3,ponderada_refeita,4.757051242255931,1,88626185.07572745,9751974.611385344,46390642.93953895,4.757051242255931,4.75705124225593,4.75705124225593
municipio,jenks_pib_pop,JPIB3_JPOP3,ponderada_massa_obj4,4.75705124225593,1,88626185.07572745,9751974.611385344,46390642.93953895,4.757051242255931,4.75705124225593,4.75705124225593
municipio,jenks_pib_pop,JPIB3_JPOP4,simples,0.4337376741004535,1,107815874.3654385,52253999.72989464,22664528.30529023,0.43373767410045355,0.4337376741004535,0.4337376741004535
municipio,jenks_pib_pop,JPIB3_JPOP4,ponderada_refeita,0.43373767410045355,1,107815874.3654385,52253999.72989464,22664528.30529023,0.43373767410045355,0.4337376741004535,0.4337376741004535
municipio,jenks_pib_pop,JPIB3_JPOP4,ponderada_massa_obj4,0.4337376741004535,1,107815874.3654385,52253999.72989464,22664528.30529023,0.43373767410045355,0.4337376741004535,0.4337376741004535
municipio,jenks_pib_pop,JPIB4_JPOP4,simples,0.003148241477472,1,130208753593.1282,53495191800.41718,168415781.6713939,0.003148241477472009,0.003148241477472,0.003148241477472
municipio,jenks_pib_pop,JPIB4_JPOP4,ponderada_refeita,0.003148241477472009,1,130208753593.1282,53495191800.41718,168415781.6713939,0.003148241477472009,0.003148241477472,0.003148241477472
municipio,jenks_pib_pop,JPIB4_JPOP4,ponderada_massa_obj4,0.003148241477472,1,130208753593.1282,53495191800.41718,168415781.6713939,0.003148241477472009,0.003148241477472,0.003148241477472
municipio,jenks_pib_pop,,simples,9.21339458418128,1,48190178.96970081,2720914.255615234,25068856.66670704,9.213394584181282,9.21339458418128,9.21339458418128
municipio,jenks_pib_pop,,ponderada_refeita,9.213394584181282,1,48190178.96970081,2720914.255615234,25068856.66670704,9.213394584181282,9.21339458418128,9.21339458418128
municipio,jenks_pib_pop,,ponderada_massa_obj4,9.21339458418128,1,48190178.96970081,2720914.255615234,25068856.66670704,9.213394584181282,9.21339458418128,9.21339458418128
municipio,jenks_pibpc_pop,JPIBPC1_JPOP1,simples,1.4808404509134097,4181,3853613732379.036,1530984193509.0427,102106552235.63254,0.06669340720076444,1.4808404509134097,0.06669101525275967
municipio,jenks_pibpc_pop,JPIBPC1_JPOP1,ponderada_refeita,0.06669340720076444,4181,3853613732379.036,1530984193509.0427,102106552235.63254,0.06669340720076444,1.4808404509134097,0.06669101525275967
municipio,jenks_pibpc_pop,JPIBPC1_JPOP1,ponderada_massa_obj4,0.06669101525275967,4181,3853613732379.036,1530984193509.0427,102106552235.63254,0.06669340720076444,1.4808404509134097,0.06669101525275967
municipio,jenks_pibpc_pop,JPIBPC2_JPOP1,simples,2.2111169561665354,1254,864106206686.751,371794683966.6792,34229992779.353836,0.09206692364224761,2.2111169561665354,0.09206692364224763
municipio,jenks_pibpc_pop,JPIBPC2_JPOP1,ponderada_refeita,0.09206692364224761,1254,864106206686.751,371794683966.6792,34229992779.353836,0.09206692364224761,2.2111169561665354,0.09206692364224763
municipio,jenks_pibpc_pop,JPIBPC2_JPOP1,ponderada_massa_obj4,0.09206692364224763,1254,864106206686.751,371794683966.6792,34229992779.353836,0.09206692364224761,2.2111169561665354,0.09206692364224763
municipio,jenks_pibpc_pop,JPIBPC2_JPOP2,simples,1.2250082042875008,26,10909093910.079899,4204578409.7647,923765716.3456914,0.21970471859921575,1.2250082042875008,0.2197047185992158
municipio,jenks_pibpc_pop,JPIBPC2_JPOP2,ponderada_refeita,0.21970471859921575,26,10909093910.079899,4204578409.7647,923765716.3456914,0.21970471859921575,1.2250082042875008,0.2197047185992158
municipio,jenks_pibpc_pop,JPIBPC2_JPOP2,ponderada_massa_obj4,0.2197047185992158,26,10909093910.079899,4204578409.7647,923765716.3456914,0.21970471859921575,1.2250082042875008,0.2197047185992158
municipio,jenks_pibpc_pop,JPIBPC3_JPOP2,simples,2.243811499752539,96,28091390741.541252,9954257631.96574,3639885722.359616,0.36566119312313006,2.243811499752539,0.3656611931231301
municipio,jenks_pibpc_pop,JPIBPC3_JPOP2,ponderada_refeita,0.36566119312313006,96,28091390741.541252,9954257631.96574,3639885722.359616,0.36566119312313006,2.243811499752539,0.3656611931231301
municipio,jenks_pibpc_pop,JPIBPC3_JPOP2,ponderada_massa_obj4,0.3656611931231301,96,28091390741.541252,9954257631.96574,3639885722.359616,0.36566119312313006,2.243811499752539,0.3656611931231301
municipio,jenks_pibpc_pop,JPIBPC3_JPOP3,simples,3.2103351709736234,4,1177364751.0505245,283318280.34873587,271974933.3233218,0.9599625304394352,3.2103351709736234,0.9599625304394349
municipio,jenks_pibpc_pop,JPIBPC3_JPOP3,ponderada_refeita,0.9599625304394352,4,1177364751.0505245,283318280.34873587,271974933.3233218,0.9599625304394352,3.2103351709736234,0.9599625304394349
municipio,jenks_pibpc_pop,JPIBPC3_JPOP3,ponderada_massa_obj4,0.9599625304394349,4,1177364751.0505245,283318280.34873587,271974933.3233218,0.9599625304394352,3.2103351709736234,0.9599625304394349
municipio,jenks_pibpc_pop,JPIBPC4_JPOP3,simples,1.097448523047547,7,1881119171.6678457,476078454.28625095,133723926.09119987,0.2808863221749495,1.097448523047547,0.28088632217494947
municipio,jenks_pibpc_pop,JPIBPC4_JPOP3,ponderada_refeita,0.2808863221749495,7,1881119171.6678457,476078454.28625095,133723926.09119987,0.2808863221749495,1.097448523047547,0.28088632217494947
municipio,jenks_pibpc_pop,JPIBPC4_JPOP3,ponderada_massa_obj4,0.28088632217494947,7,1881119171.6678457,476078454.28625095,133723926.09119987,0.2808863221749495,1.097448523047547,0.28088632217494947
municipio,jenks_pibpc_pop,JPIBPC4_JPOP4,simples,0.21844295778896275,2,130316569467.49364,53547445800.14708,191080309.97668412,0.003568429961904164,0.21844295778896275,0.0035684299619041546
municipio,jenks_pibpc_pop,JPIBPC4_JPOP4,ponderada_refeita,0.003568429961904164,2,130316569467.49364,53547445800.14708,191080309.97668412,0.003568429961904164,0.21844295778896275,0.0035684299619041546
municipio,jenks_pibpc_pop,JPIBPC4_JPOP4,ponderada_massa_obj4,0.0035684299619041546,2,130316569467.49364,53547445800.14708,191080309.97668412,0.003568429961904164,0.21844295778896275,0.0035684299619041546
municipio,jenks_pibpc_pop,,simples,9.21339458418128,1,48190178.96970081,2720914.255615234,25068856.66670704,9.213394584181282,9.21339458418128,9.21339458418128
municipio,jenks_pibpc_pop,,ponderada_refeita,9.213394584181282,1,48190178.96970081,2720914.255615234,25068856.66670704,9.213394584181282,9.21339458418128,9.21339458418128
municipio,jenks_pibpc_pop,,ponderada_massa_obj4,9.21339458418128,1,48190178.96970081,2720914.255615234,25068856.66670704,9.213394584181282,9.21339458418128,9.21339458418128
